{"cameraMode":{"drawMode":0,"name":"Shaded","section":"Shading Mode"},"sceneLighting":false,"audioPlay":false,"sceneViewState":{"m_AlwaysRefresh":false,"showFog":true,"showSkybox":false,"showFlares":true,"showImageEffects":true,"showParticleSystems":true,"showVisualEffectGraphs":true,"m_FxEnabled":true},"in2DMode":false,"pivot":{"x":-0.03950214385986328,"y":-0.2088536024093628,"z":0.49323269724845889},"rotation":{"x":-0.058776143938302997,"y":-0.0019002421759068966,"z":0.0001110281518776901,"w":-0.9982796311378479},"size":2.2383861541748049,"orthographic":false}